{"Row_Id": 11,"Company": "HP","Product": "250 G6","TypeName": "Notebook","Inches": 15.6,"ScreenResolution": "1366x768","Cpu": "Intel Core i5 7200U 2.5GHz","Ram": "4GB","Memory": "500GB HDD","Gpu": "Intel HD Graphics 620","OpSys": "No OS","Weight": "1.86kg","Price_euros": 393.9}
{"Row_Id": 12,"Company": "HP","Product": "250 G6","TypeName": "Notebook","Inches": 15.6,"ScreenResolution": "Full HD 1920x1080","Cpu": "Intel Core i3 6006U 2GHz","Ram": "4GB","Memory": "500GB HDD","Gpu": "Intel HD Graphics 520","OpSys": "No OS","Weight": "1.86kg","Price_euros": 344.99}
{"Row_Id": 13,"Company": "Apple","Product": "MacBook Pro","TypeName": "Ultrabook","Inches": 15.4,"ScreenResolution": "IPS Panel Retina Display 2880x1800","Cpu": "Intel Core i7 2.8GHz","Ram": "16GB","Memory": "256GB SSD","Gpu": "AMD Radeon Pro 555","OpSys": "macOS","Weight": "1.83kg","Price_euros": 2439.97}
{"Row_Id": 14,"Company": "Dell","Product": "Inspiron 3567","TypeName": "Notebook","Inches": 15.6,"ScreenResolution": "Full HD 1920x1080","Cpu": "Intel Core i3 6006U 2GHz","Ram": "4GB","Memory": "256GB SSD","Gpu": "AMD Radeon R5 M430","OpSys": "Windows 10","Weight": "2.2kg","Price_euros": 498.9}
{"Row_Id": 15,"Company": "Apple","Product": "MacBook 12\"","TypeName": "Ultrabook","Inches": 12,"ScreenResolution": "IPS Panel Retina Display 2304x1440","Cpu": "Intel Core M m3 1.2GHz","Ram": "8GB","Memory": "256GB SSD","Gpu": "Intel HD Graphics 615","OpSys": "macOS","Weight": "0.92kg","Price_euros": 1262.4}
{"Row_Id": 16,"Company": "Apple","Product": "MacBook Pro","TypeName": "Ultrabook","Inches": 13.3,"ScreenResolution": "IPS Panel Retina Display 2560x1600","Cpu": "Intel Core i5 2.3GHz","Ram": "8GB","Memory": "256GB SSD","Gpu": "Intel Iris Plus Graphics 640","OpSys": "macOS","Weight": "1.37kg","Price_euros": 1518.55}
{"Row_Id": 17,"Company": "Dell","Product": "Inspiron 3567","TypeName": "Notebook","Inches": 15.6,"ScreenResolution": "Full HD 1920x1080","Cpu": "Intel Core i7 7500U 2.7GHz","Ram": "8GB","Memory": "256GB SSD","Gpu": "AMD Radeon R5 M430","OpSys": "Windows 10","Weight": "2.2kg","Price_euros": 745}
{"Row_Id": 18,"Company": "Apple","Product": "MacBook Pro","TypeName": "Ultrabook","Inches": 15.4,"ScreenResolution": "IPS Panel Retina Display 2880x1800","Cpu": "Intel Core i7 2.9GHz","Ram": "16GB","Memory": "512GB SSD","Gpu": "AMD Radeon Pro 560","OpSys": "macOS","Weight": "1.83kg","Price_euros": 2858}
{"Row_Id": 19,"Company": "Lenovo","Product": "IdeaPad 320-15IKB","TypeName": "Notebook","Inches": 15.6,"ScreenResolution": "Full HD 1920x1080","Cpu": "Intel Core i3 7100U 2.4GHz","Ram": "8GB","Memory": "1TB HDD","Gpu": "Nvidia GeForce 940MX","OpSys": "No OS","Weight": "2.2kg","Price_euros": 499}
{"Row_Id": 20,"Company": "Dell","Product": "XPS 13","TypeName": "Ultrabook","Inches": 13.3,"ScreenResolution": "IPS Panel Full HD / Touchscreen 1920x1080","Cpu": "Intel Core i5 8250U 1.6GHz","Ram": "8GB","Memory": "128GB SSD","Gpu": "Intel UHD Graphics 620","OpSys": "Windows 10","Weight": "1.22kg","Price_euros": 979}