{"Row_Id": 1,"Company": "Apple","Product": "MacBook Pro","TypeName": "Ultrabook","Inches": 13.3,"ScreenResolution": "IPS Panel Retina Display 2560x1600","Cpu": "Intel Core i5 2.3GHz","Ram": "8GB","Memory": "128GB SSD","Gpu": "Intel Iris Plus Graphics 640","OpSys": "macOS","Weight": "1.37kg","Price_euros": 1339.69}
{"Row_Id": 2,"Company": "Apple","Product": "Macbook Air","TypeName": "Ultrabook","Inches": 13.3,"ScreenResolution": "1440x900","Cpu": "Intel Core i5 1.8GHz","Ram": "8GB","Memory": "128GB Flash Storage","Gpu": "Intel HD Graphics 6000","OpSys": "macOS","Weight": "1.34kg","Price_euros": 898.94}
{"Row_Id": 3,"Company": "HP","Product": "250 G6","TypeName": "Notebook","Inches": 15.6,"ScreenResolution": "Full HD 1920x1080","Cpu": "Intel Core i5 7200U 2.5GHz","Ram": "8GB","Memory": "256GB SSD","Gpu": "Intel HD Graphics 620","OpSys": "No OS","Weight": "1.86kg","Price_euros": 575}
{"Row_Id": 4,"Company": "Apple","Product": "MacBook Pro","TypeName": "Ultrabook","Inches": 15.4,"ScreenResolution": "IPS Panel Retina Display 2880x1800","Cpu": "Intel Core i7 2.7GHz","Ram": "16GB","Memory": "512GB SSD","Gpu": "AMD Radeon Pro 455","OpSys": "macOS","Weight": "1.83kg","Price_euros": 2537.45}
{"Row_Id": 5,"Company": "Apple","Product": "MacBook Pro","TypeName": "Ultrabook","Inches": 13.3,"ScreenResolution": "IPS Panel Retina Display 2560x1600","Cpu": "Intel Core i5 3.1GHz","Ram": "8GB","Memory": "256GB SSD","Gpu": "Intel Iris Plus Graphics 650","OpSys": "macOS","Weight": "1.37kg","Price_euros": 1803.6}
{"Row_Id": 6,"Company": "Acer","Product": "Aspire 3","TypeName": "Notebook","Inches": 15.6,"ScreenResolution": "1366x768","Cpu": "AMD A9-Series 9420 3GHz","Ram": "4GB","Memory": "500GB HDD","Gpu": "AMD Radeon R5","OpSys": "Windows 10","Weight": "2.1kg","Price_euros": 400}
{"Row_Id": 7,"Company": "Apple","Product": "MacBook Pro","TypeName": "Ultrabook","Inches": 15.4,"ScreenResolution": "IPS Panel Retina Display 2880x1800","Cpu": "Intel Core i7 2.2GHz","Ram": "16GB","Memory": "256GB Flash Storage","Gpu": "Intel Iris Pro Graphics","OpSys": "Mac OS X","Weight": "2.04kg","Price_euros": 2139.97}
{"Row_Id": 8,"Company": "Apple","Product": "Macbook Air","TypeName": "Ultrabook","Inches": 13.3,"ScreenResolution": "1440x900","Cpu": "Intel Core i5 1.8GHz","Ram": "8GB","Memory": "256GB Flash Storage","Gpu": "Intel HD Graphics 6000","OpSys": "macOS","Weight": "1.34kg","Price_euros": 1158.7}
{"Row_Id": 9,"Company": "Asus","Product": "ZenBook UX430UN","TypeName": "Ultrabook","Inches": 14,"ScreenResolution": "Full HD 1920x1080","Cpu": "Intel Core i7 8550U 1.8GHz","Ram": "16GB","Memory": "512GB SSD","Gpu": "Nvidia GeForce MX150","OpSys": "Windows 10","Weight": "1.3kg","Price_euros": 1495}
{"Row_Id": 10,"Company": "Acer","Product": "Swift 3","TypeName": "Ultrabook","Inches": 14,"ScreenResolution": "IPS Panel Full HD 1920x1080","Cpu": "Intel Core i5 8250U 1.6GHz","Ram": "8GB","Memory": "256GB SSD","Gpu": "Intel UHD Graphics 620","OpSys": "Windows 10","Weight": "1.6kg","Price_euros": 770}