{"Row_Id": 21,"Company": "Asus","Product": "Vivobook E200HA","TypeName": "Netbook","Inches": 11.6,"ScreenResolution": "1366x768","Cpu": "Intel Atom x5-Z8350 1.44GHz","Ram": "2GB","Memory": "32GB Flash Storage","Gpu": "Intel HD Graphics 400","OpSys": "Windows 10","Weight": "0.98kg","Price_euros": 191.9}
{"Row_Id": 22,"Company": "Lenovo","Product": "Legion Y520-15IKBN","TypeName": "Gaming","Inches": 15.6,"ScreenResolution": "IPS Panel Full HD 1920x1080","Cpu": "Intel Core i5 7300HQ 2.5GHz","Ram": "8GB","Memory": "128GB SSD +  1TB HDD","Gpu": "Nvidia GeForce GTX 1050","OpSys": "Windows 10","Weight": "2.5kg","Price_euros": 999}
{"Row_Id": 23,"Company": "HP","Product": "255 G6","TypeName": "Notebook","Inches": 15.6,"ScreenResolution": "1366x768","Cpu": "AMD E-Series E2-9000e 1.5GHz","Ram": "4GB","Memory": "500GB HDD","Gpu": "AMD Radeon R2","OpSys": "No OS","Weight": "1.86kg","Price_euros": 258}
{"Row_Id": 24,"Company": "Dell","Product": "Inspiron 5379","TypeName": "2 in 1 Convertible","Inches": 13.3,"ScreenResolution": "Full HD / Touchscreen 1920x1080","Cpu": "Intel Core i5 8250U 1.6GHz","Ram": "8GB","Memory": "256GB SSD","Gpu": "Intel UHD Graphics 620","OpSys": "Windows 10","Weight": "1.62kg","Price_euros": 819}
{"Row_Id": 25,"Company": "HP","Product": "15-BS101nv (i7-8550U/8GB/256GB/FHD/W10)","TypeName": "Ultrabook","Inches": 15.6,"ScreenResolution": "Full HD 1920x1080","Cpu": "Intel Core i7 8550U 1.8GHz","Ram": "8GB","Memory": "256GB SSD","Gpu": "Intel HD Graphics 620","OpSys": "Windows 10","Weight": "1.91kg","Price_euros": 659}
{"Row_Id": 26,"Company": "Dell","Product": "Inspiron 3567","TypeName": "Notebook","Inches": 15.6,"ScreenResolution": "1366x768","Cpu": "Intel Core i3 6006U 2GHz","Ram": "4GB","Memory": "1TB HDD","Gpu": "Intel HD Graphics 520","OpSys": "Windows 10","Weight": "2.3kg","Price_euros": 418.64}
{"Row_Id": 27,"Company": "Apple","Product": "MacBook Air","TypeName": "Ultrabook","Inches": 13.3,"ScreenResolution": "1440x900","Cpu": "Intel Core i5 1.6GHz","Ram": "8GB","Memory": "128GB Flash Storage","Gpu": "Intel HD Graphics 6000","OpSys": "Mac OS X","Weight": "1.35kg","Price_euros": 1099}
{"Row_Id": 28,"Company": "Dell","Product": "Inspiron 5570","TypeName": "Notebook","Inches": 15.6,"ScreenResolution": "Full HD 1920x1080","Cpu": "Intel Core i5 8250U 1.6GHz","Ram": "8GB","Memory": "256GB SSD","Gpu": "AMD Radeon 530","OpSys": "Windows 10","Weight": "2.2kg","Price_euros": 800}
{"Row_Id": 29,"Company": "Dell","Product": "Latitude 5590","TypeName": "Ultrabook","Inches": 15.6,"ScreenResolution": "Full HD 1920x1080","Cpu": "Intel Core i7 8650U 1.9GHz","Ram": "8GB","Memory": "256GB SSD +  256GB SSD","Gpu": "Intel UHD Graphics 620","OpSys": "Windows 10","Weight": "1.88kg","Price_euros": 1298}
{"Row_Id": 30,"Company": "HP","Product": "ProBook 470","TypeName": "Notebook","Inches": 17.3,"ScreenResolution": "Full HD 1920x1080","Cpu": "Intel Core i5 8250U 1.6GHz","Ram": "8GB","Memory": "1TB HDD","Gpu": "Nvidia GeForce 930MX","OpSys": "Windows 10","Weight": "2.5kg","Price_euros": 896}