{"Row_Id": 31,"Company": "Chuwi","Product": "LapBook 15.6\"","TypeName": "Notebook","Inches": 15.6,"ScreenResolution": "Full HD 1920x1080","Cpu": "Intel Atom x5-Z8300 1.44GHz","Ram": "4GB","Memory": "64GB Flash Storage","Gpu": "Intel HD Graphics","OpSys": "Windows 10","Weight": "1.89kg","Price_euros": 244.99}
{"Row_Id": 32,"Company": "Asus","Product": "E402WA-GA010T (E2-6110/2GB/32GB/W10)","TypeName": "Notebook","Inches": 14,"ScreenResolution": "1366x768","Cpu": "AMD E-Series E2-6110 1.5GHz","Ram": "2GB","Memory": "32GB Flash Storage","Gpu": "AMD Radeon R2","OpSys": "Windows 10","Weight": "1.65kg","Price_euros": 199}
{"Row_Id": 33,"Company": "HP","Product": "17-ak001nv (A6-9220/4GB/500GB/Radeon","TypeName": "Notebook","Inches": 17.3,"ScreenResolution": "Full HD 1920x1080","Cpu": "AMD A6-Series 9220 2.5GHz","Ram": "4GB","Memory": "500GB HDD","Gpu": "AMD Radeon 530","OpSys": "Windows 10","Weight": "2.71kg","Price_euros": 439}
{"Row_Id": 34,"Company": "Dell","Product": "XPS 13","TypeName": "Ultrabook","Inches": 13.3,"ScreenResolution": "Touchscreen / Quad HD+ 3200x1800","Cpu": "Intel Core i7 8550U 1.8GHz","Ram": "16GB","Memory": "512GB SSD","Gpu": "Intel UHD Graphics 620","OpSys": "Windows 10","Weight": "1.2kg","Price_euros": 1869}
{"Row_Id": 35,"Company": "Apple","Product": "MacBook Air","TypeName": "Ultrabook","Inches": 13.3,"ScreenResolution": "1440x900","Cpu": "Intel Core i5 1.6GHz","Ram": "8GB","Memory": "256GB Flash Storage","Gpu": "Intel HD Graphics 6000","OpSys": "Mac OS X", "Weight": "1.35kg","Price_euros": 998} 
{"Row_Id": 36,"Company": "Lenovo","Product": "IdeaPad 120S-14IAP","TypeName": "Notebook","Inches": 14,"ScreenResolution": "1366x768","Cpu": "Intel Celeron Dual Core N3350 1.1GHz","Ram": "4GB","Memory": "64GB Flash Storage","Gpu": "Intel HD Graphics 500","OpSys": "Windows 10","Weight": "1.44kg","Price_euros": 249}
{"Row_Id": 37,"Company": "Acer","Product": "Aspire 3","TypeName": "Notebook","Inches": 15.6,"ScreenResolution": "1366x768","Cpu": "Intel Core i3 7130U 2.7GHz","Ram": "4GB","Memory": "1TB HDD","Gpu": "Intel HD Graphics 620","OpSys": "Linux","Weight": "2.1kg","Price_euros": 367}
{"Row_Id": 38,"Company": "Dell","Product": "Inspiron 5770","TypeName": "Notebook","Inches": 17.3,"ScreenResolution": "IPS Panel Full HD 1920x1080","Cpu": "Intel Core i5 8250U 1.6GHz","Ram": "8GB","Memory": "128GB SSD +  1TB HDD","Gpu": "AMD Radeon 530","OpSys": "Windows 10","Weight": "2.8kg","Price_euros": 979}
{"Row_Id": 39,"Company": "HP","Product": "250 G6","TypeName": "Notebook","Inches": 15.6,"ScreenResolution": "1366x768","Cpu": "Intel Core i5 7200U 2.5GHz","Ram": "4GB","Memory": "1TB HDD","Gpu": "Intel HD Graphics 620","OpSys": "Windows 10","Weight": "1.86kg","Price_euros": 488.69}
{"Row_Id": 40,"Company": "HP","Product": "ProBook 450","TypeName": "Notebook","Inches": 15.6,"ScreenResolution": "Full HD 1920x1080","Cpu": "Intel Core i5 8250U 1.6GHz","Ram": "8GB","Memory": "256GB SSD","Gpu": "Nvidia GeForce 930MX ","OpSys": "Windows 10","Weight": "2.1kg","Price_euros": 879}