{"Row_Id": 1,"Company": "Apple","Product": "MacBook Pro","TypeName": "Ultrabook","Inches": 13.3,"ScreenResolution": "IPS Panel Retina Display 2560x1600","Cpu": "Intel Core i5 2.3GHz","Ram": "8GB","Memory": "128GB SSD","Gpu": "Intel Iris Plus Graphics 640","OpSys": "macOS","Weight": "1.37kg","Price_euros": 1339.69}
{"Row_Id": 2,"Company": "Apple","Product": "Macbook Air","TypeName": "Ultrabook","Inches": 13.3,"ScreenResolution": "1440x900","Cpu": "Intel Core i5 1.8GHz","Ram": "8GB","Memory": "128GB Flash Storage","Gpu": "Intel HD Graphics 6000","OpSys": "macOS","Weight": "1.34kg","Price_euros": 898.94}
{"Row_Id": 3,"Company": "HP","Product": "250 G6","TypeName": "Notebook","Inches": 15.6,"ScreenResolution": "Full HD 1920x1080","Cpu": "Intel Core i5 7200U 2.5GHz","Ram": "8GB","Memory": "256GB SSD","Gpu": "Intel HD Graphics 620","OpSys": "No OS","Weight": "1.86kg","Price_euros": 575}
{"Row_Id": 4,"Company": "Apple","Product": "MacBook Pro","TypeName": "Ultrabook","Inches": 15.4,"ScreenResolution": "IPS Panel Retina Display 2880x1800","Cpu": "Intel Core i7 2.7GHz","Ram": "16GB","Memory": "512GB SSD","Gpu": "AMD Radeon Pro 455","OpSys": "macOS","Weight": "1.83kg","Price_euros": 2537.45}
{"Row_Id": 5,"Company": "Apple","Product": "MacBook Pro","TypeName": "Ultrabook","Inches": 13.3,"ScreenResolution": "IPS Panel Retina Display 2560x1600","Cpu": "Intel Core i5 3.1GHz","Ram": "8GB","Memory": "256GB SSD","Gpu": "Intel Iris Plus Graphics 650","OpSys": "macOS","Weight": "1.37kg","Price_euros": 1803.6}
{"Row_Id": 6,"Company": "Acer","Product": "Aspire 3","TypeName": "Notebook","Inches": 15.6,"ScreenResolution": "1366x768","Cpu": "AMD A9-Series 9420 3GHz","Ram": "4GB","Memory": "500GB HDD","Gpu": "AMD Radeon R5","OpSys": "Windows 10","Weight": "2.1kg","Price_euros": 400}
{"Row_Id": 7,"Company": "Apple","Product": "MacBook Pro","TypeName": "Ultrabook","Inches": 15.4,"ScreenResolution": "IPS Panel Retina Display 2880x1800","Cpu": "Intel Core i7 2.2GHz","Ram": "16GB","Memory": "256GB Flash Storage","Gpu": "Intel Iris Pro Graphics","OpSys": "Mac OS X","Weight": "2.04kg","Price_euros": 2139.97}
{"Row_Id": 8,"Company": "Apple","Product": "Macbook Air","TypeName": "Ultrabook","Inches": 13.3,"ScreenResolution": "1440x900","Cpu": "Intel Core i5 1.8GHz","Ram": "8GB","Memory": "256GB Flash Storage","Gpu": "Intel HD Graphics 6000","OpSys": "macOS","Weight": "1.34kg","Price_euros": 1158.7}
{"Row_Id": 9,"Company": "Asus","Product": "ZenBook UX430UN","TypeName": "Ultrabook","Inches": 14,"ScreenResolution": "Full HD 1920x1080","Cpu": "Intel Core i7 8550U 1.8GHz","Ram": "16GB","Memory": "512GB SSD","Gpu": "Nvidia GeForce MX150","OpSys": "Windows 10","Weight": "1.3kg","Price_euros": 1495}
{"Row_Id": 10,"Company": "Acer","Product": "Swift 3","TypeName": "Ultrabook","Inches": 14,"ScreenResolution": "IPS Panel Full HD 1920x1080","Cpu": "Intel Core i5 8250U 1.6GHz","Ram": "8GB","Memory": "256GB SSD","Gpu": "Intel UHD Graphics 620","OpSys": "Windows 10","Weight": "1.6kg","Price_euros": 770}
{"Row_Id": 11,"Company": "HP","Product": "250 G6","TypeName": "Notebook","Inches": 15.6,"ScreenResolution": "1366x768","Cpu": "Intel Core i5 7200U 2.5GHz","Ram": "4GB","Memory": "500GB HDD","Gpu": "Intel HD Graphics 620","OpSys": "No OS","Weight": "1.86kg","Price_euros": 393.9}
{"Row_Id": 12,"Company": "HP","Product": "250 G6","TypeName": "Notebook","Inches": 15.6,"ScreenResolution": "Full HD 1920x1080","Cpu": "Intel Core i3 6006U 2GHz","Ram": "4GB","Memory": "500GB HDD","Gpu": "Intel HD Graphics 520","OpSys": "No OS","Weight": "1.86kg","Price_euros": 344.99}
{"Row_Id": 13,"Company": "Apple","Product": "MacBook Pro","TypeName": "Ultrabook","Inches": 15.4,"ScreenResolution": "IPS Panel Retina Display 2880x1800","Cpu": "Intel Core i7 2.8GHz","Ram": "16GB","Memory": "256GB SSD","Gpu": "AMD Radeon Pro 555","OpSys": "macOS","Weight": "1.83kg","Price_euros": 2439.97}
{"Row_Id": 14,"Company": "Dell","Product": "Inspiron 3567","TypeName": "Notebook","Inches": 15.6,"ScreenResolution": "Full HD 1920x1080","Cpu": "Intel Core i3 6006U 2GHz","Ram": "4GB","Memory": "256GB SSD","Gpu": "AMD Radeon R5 M430","OpSys": "Windows 10","Weight": "2.2kg","Price_euros": 498.9}
{"Row_Id": 15,"Company": "Apple","Product": "MacBook 12\"","TypeName": "Ultrabook","Inches": 12,"ScreenResolution": "IPS Panel Retina Display 2304x1440","Cpu": "Intel Core M m3 1.2GHz","Ram": "8GB","Memory": "256GB SSD","Gpu": "Intel HD Graphics 615","OpSys": "macOS","Weight": "0.92kg","Price_euros": 1262.4}
{"Row_Id": 16,"Company": "Apple","Product": "MacBook Pro","TypeName": "Ultrabook","Inches": 13.3,"ScreenResolution": "IPS Panel Retina Display 2560x1600","Cpu": "Intel Core i5 2.3GHz","Ram": "8GB","Memory": "256GB SSD","Gpu": "Intel Iris Plus Graphics 640","OpSys": "macOS","Weight": "1.37kg","Price_euros": 1518.55}
{"Row_Id": 17,"Company": "Dell","Product": "Inspiron 3567","TypeName": "Notebook","Inches": 15.6,"ScreenResolution": "Full HD 1920x1080","Cpu": "Intel Core i7 7500U 2.7GHz","Ram": "8GB","Memory": "256GB SSD","Gpu": "AMD Radeon R5 M430","OpSys": "Windows 10","Weight": "2.2kg","Price_euros": 745}
{"Row_Id": 18,"Company": "Apple","Product": "MacBook Pro","TypeName": "Ultrabook","Inches": 15.4,"ScreenResolution": "IPS Panel Retina Display 2880x1800","Cpu": "Intel Core i7 2.9GHz","Ram": "16GB","Memory": "512GB SSD","Gpu": "AMD Radeon Pro 560","OpSys": "macOS","Weight": "1.83kg","Price_euros": 2858}
{"Row_Id": 19,"Company": "Lenovo","Product": "IdeaPad 320-15IKB","TypeName": "Notebook","Inches": 15.6,"ScreenResolution": "Full HD 1920x1080","Cpu": "Intel Core i3 7100U 2.4GHz","Ram": "8GB","Memory": "1TB HDD","Gpu": "Nvidia GeForce 940MX","OpSys": "No OS","Weight": "2.2kg","Price_euros": 499}
{"Row_Id": 20,"Company": "Dell","Product": "XPS 13","TypeName": "Ultrabook","Inches": 13.3,"ScreenResolution": "IPS Panel Full HD / Touchscreen 1920x1080","Cpu": "Intel Core i5 8250U 1.6GHz","Ram": "8GB","Memory": "128GB SSD","Gpu": "Intel UHD Graphics 620","OpSys": "Windows 10","Weight": "1.22kg","Price_euros": 979}
{"Row_Id": 21,"Company": "Asus","Product": "Vivobook E200HA","TypeName": "Netbook","Inches": 11.6,"ScreenResolution": "1366x768","Cpu": "Intel Atom x5-Z8350 1.44GHz","Ram": "2GB","Memory": "32GB Flash Storage","Gpu": "Intel HD Graphics 400","OpSys": "Windows 10","Weight": "0.98kg","Price_euros": 191.9}
{"Row_Id": 22,"Company": "Lenovo","Product": "Legion Y520-15IKBN","TypeName": "Gaming","Inches": 15.6,"ScreenResolution": "IPS Panel Full HD 1920x1080","Cpu": "Intel Core i5 7300HQ 2.5GHz","Ram": "8GB","Memory": "128GB SSD +  1TB HDD","Gpu": "Nvidia GeForce GTX 1050","OpSys": "Windows 10","Weight": "2.5kg","Price_euros": 999}
{"Row_Id": 23,"Company": "HP","Product": "255 G6","TypeName": "Notebook","Inches": 15.6,"ScreenResolution": "1366x768","Cpu": "AMD E-Series E2-9000e 1.5GHz","Ram": "4GB","Memory": "500GB HDD","Gpu": "AMD Radeon R2","OpSys": "No OS","Weight": "1.86kg","Price_euros": 258}
{"Row_Id": 24,"Company": "Dell","Product": "Inspiron 5379","TypeName": "2 in 1 Convertible","Inches": 13.3,"ScreenResolution": "Full HD / Touchscreen 1920x1080","Cpu": "Intel Core i5 8250U 1.6GHz","Ram": "8GB","Memory": "256GB SSD","Gpu": "Intel UHD Graphics 620","OpSys": "Windows 10","Weight": "1.62kg","Price_euros": 819}
{"Row_Id": 25,"Company": "HP","Product": "15-BS101nv (i7-8550U/8GB/256GB/FHD/W10)","TypeName": "Ultrabook","Inches": 15.6,"ScreenResolution": "Full HD 1920x1080","Cpu": "Intel Core i7 8550U 1.8GHz","Ram": "8GB","Memory": "256GB SSD","Gpu": "Intel HD Graphics 620","OpSys": "Windows 10","Weight": "1.91kg","Price_euros": 659}
{"Row_Id": 26,"Company": "Dell","Product": "Inspiron 3567","TypeName": "Notebook","Inches": 15.6,"ScreenResolution": "1366x768","Cpu": "Intel Core i3 6006U 2GHz","Ram": "4GB","Memory": "1TB HDD","Gpu": "Intel HD Graphics 520","OpSys": "Windows 10","Weight": "2.3kg","Price_euros": 418.64}
{"Row_Id": 27,"Company": "Apple","Product": "MacBook Air","TypeName": "Ultrabook","Inches": 13.3,"ScreenResolution": "1440x900","Cpu": "Intel Core i5 1.6GHz","Ram": "8GB","Memory": "128GB Flash Storage","Gpu": "Intel HD Graphics 6000","OpSys": "Mac OS X","Weight": "1.35kg","Price_euros": 1099}
{"Row_Id": 28,"Company": "Dell","Product": "Inspiron 5570","TypeName": "Notebook","Inches": 15.6,"ScreenResolution": "Full HD 1920x1080","Cpu": "Intel Core i5 8250U 1.6GHz","Ram": "8GB","Memory": "256GB SSD","Gpu": "AMD Radeon 530","OpSys": "Windows 10","Weight": "2.2kg","Price_euros": 800}
{"Row_Id": 29,"Company": "Dell","Product": "Latitude 5590","TypeName": "Ultrabook","Inches": 15.6,"ScreenResolution": "Full HD 1920x1080","Cpu": "Intel Core i7 8650U 1.9GHz","Ram": "8GB","Memory": "256GB SSD +  256GB SSD","Gpu": "Intel UHD Graphics 620","OpSys": "Windows 10","Weight": "1.88kg","Price_euros": 1298}
{"Row_Id": 30,"Company": "HP","Product": "ProBook 470","TypeName": "Notebook","Inches": 17.3,"ScreenResolution": "Full HD 1920x1080","Cpu": "Intel Core i5 8250U 1.6GHz","Ram": "8GB","Memory": "1TB HDD","Gpu": "Nvidia GeForce 930MX","OpSys": "Windows 10","Weight": "2.5kg","Price_euros": 896}
{"Row_Id": 31,"Company": "Chuwi","Product": "LapBook 15.6\"","TypeName": "Notebook","Inches": 15.6,"ScreenResolution": "Full HD 1920x1080","Cpu": "Intel Atom x5-Z8300 1.44GHz","Ram": "4GB","Memory": "64GB Flash Storage","Gpu": "Intel HD Graphics","OpSys": "Windows 10","Weight": "1.89kg","Price_euros": 244.99}
{"Row_Id": 32,"Company": "Asus","Product": "E402WA-GA010T (E2-6110/2GB/32GB/W10)","TypeName": "Notebook","Inches": 14,"ScreenResolution": "1366x768","Cpu": "AMD E-Series E2-6110 1.5GHz","Ram": "2GB","Memory": "32GB Flash Storage","Gpu": "AMD Radeon R2","OpSys": "Windows 10","Weight": "1.65kg","Price_euros": 199}
{"Row_Id": 33,"Company": "HP","Product": "17-ak001nv (A6-9220/4GB/500GB/Radeon","TypeName": "Notebook","Inches": 17.3,"ScreenResolution": "Full HD 1920x1080","Cpu": "AMD A6-Series 9220 2.5GHz","Ram": "4GB","Memory": "500GB HDD","Gpu": "AMD Radeon 530","OpSys": "Windows 10","Weight": "2.71kg","Price_euros": 439}
{"Row_Id": 34,"Company": "Dell","Product": "XPS 13","TypeName": "Ultrabook","Inches": 13.3,"ScreenResolution": "Touchscreen / Quad HD+ 3200x1800","Cpu": "Intel Core i7 8550U 1.8GHz","Ram": "16GB","Memory": "512GB SSD","Gpu": "Intel UHD Graphics 620","OpSys": "Windows 10","Weight": "1.2kg","Price_euros": 1869}
{"Row_Id": 35,"Company": "Apple","Product": "MacBook Air","TypeName": "Ultrabook","Inches": 13.3,"ScreenResolution": "1440x900","Cpu": "Intel Core i5 1.6GHz","Ram": "8GB","Memory": "256GB Flash Storage","Gpu": "Intel HD Graphics 6000","OpSys": "Mac OS X", "Weight": "1.35kg","Price_euros": 998} 
{"Row_Id": 36,"Company": "Lenovo","Product": "IdeaPad 120S-14IAP","TypeName": "Notebook","Inches": 14,"ScreenResolution": "1366x768","Cpu": "Intel Celeron Dual Core N3350 1.1GHz","Ram": "4GB","Memory": "64GB Flash Storage","Gpu": "Intel HD Graphics 500","OpSys": "Windows 10","Weight": "1.44kg","Price_euros": 249}
{"Row_Id": 37,"Company": "Acer","Product": "Aspire 3","TypeName": "Notebook","Inches": 15.6,"ScreenResolution": "1366x768","Cpu": "Intel Core i3 7130U 2.7GHz","Ram": "4GB","Memory": "1TB HDD","Gpu": "Intel HD Graphics 620","OpSys": "Linux","Weight": "2.1kg","Price_euros": 367}
{"Row_Id": 38,"Company": "Dell","Product": "Inspiron 5770","TypeName": "Notebook","Inches": 17.3,"ScreenResolution": "IPS Panel Full HD 1920x1080","Cpu": "Intel Core i5 8250U 1.6GHz","Ram": "8GB","Memory": "128GB SSD +  1TB HDD","Gpu": "AMD Radeon 530","OpSys": "Windows 10","Weight": "2.8kg","Price_euros": 979}
{"Row_Id": 39,"Company": "HP","Product": "250 G6","TypeName": "Notebook","Inches": 15.6,"ScreenResolution": "1366x768","Cpu": "Intel Core i5 7200U 2.5GHz","Ram": "4GB","Memory": "1TB HDD","Gpu": "Intel HD Graphics 620","OpSys": "Windows 10","Weight": "1.86kg","Price_euros": 488.69}
{"Row_Id": 40,"Company": "HP","Product": "ProBook 450","TypeName": "Notebook","Inches": 15.6,"ScreenResolution": "Full HD 1920x1080","Cpu": "Intel Core i5 8250U 1.6GHz","Ram": "8GB","Memory": "256GB SSD","Gpu": "Nvidia GeForce 930MX ","OpSys": "Windows 10","Weight": "2.1kg","Price_euros": 879}